ts	phase	decision	why	evidence	result
2026-08-30T02:11:25Z	ground	traced the product contract and existing branch history before changing code	the feature crosses local chat, cloud chat, preview, and document ownership	PRODUCT.md, DESIGN.md, git branch history	research in progress
2026-08-30T02:15:11Z	research	chose the persistent cloud conversation branch and the existing Xvfb display as the base	both are complete, tested foundations and the missing piece is the authenticated Studio viewer	docs/local-cloud-workspace-survey.md	research direction locked
2026-08-30T02:16:11Z	foundation	merged the persistent cloud conversation branch without conflicts	reuse its durable room, lease, checkpoint, and client recovery contracts	commit 72c471c2; cloud check; 50 focused tests	baseline green
2026-08-30T02:18:08Z	baseline	ran the complete desktop and cloud test command before feature code	separate the imported branch baseline from any regression introduced here	npm run test:cloud	226 passed, 2 skipped, 0 failed
2026-08-30T02:18:16Z	run	set the run budget to local compute only	the feature can be verified with local protocol tests, a fake display relay, and browser fixtures	package scripts and test fixtures	/bin/zsh external spend
2026-08-30T02:18:24Z	run	corrected the recorded run budget	the shell expanded the intended dollar amount in the previous append	.audit/seamless-local-cloud-workspace.tsv	zero dollars external spend
2026-08-30T02:19:10Z	baseline	recorded the Studio build prerequisite failure	TypeScript aliases point at the generated WASM package, which this worktree has not built	npm --prefix rhwp/rhwp-studio run build	blocked on missing rhwp/pkg
2026-08-30T02:21:06Z	ground	confirmed the switch must preserve mounted renderer objects and one document writer	independent source traces found that remounting loses live state and concurrent document mutation breaks revision guarantees	renderer and local session research subagents	workspace boundary confirmed
2026-08-30T02:21:34Z	baseline	built the missing WASM package for real Studio checks	the first Studio build proved generated bindings were the only missing prerequisite	npm run build:wasm	WASM package ready
2026-08-30T02:21:51Z	baseline	verified the merged Studio after generating WASM bindings	the build now exercises TypeScript, Vite, worker bundling, and PWA generation	npm --prefix rhwp/rhwp-studio run build	build passed
2026-08-30T02:25:31Z	sketch	received a reverse-RFB architecture that keeps workers outbound-only	the design avoids public VNC ports and preserves the existing signed chat and checkpoint authorities	/private/var/folders/hx/15qhv8x926ncl6ssc5j44zkc0000gn/T/opencode/local-cloud-architecture/candidate-vnc.md	candidate ready for comparison
2026-08-30T02:37:59Z	design	selected the signed frame rail and rejected reverse RFB	the judge scored it 21 to 11 for direct preview fit, current transport reuse, and smaller security surface	docs/local-cloud-workspace-design.md; architecture judge	design locked
